{
  "session_name": "spiderman_vegetables_20260204_162744",
  "timestamp": "2026-02-04T16:43:05.610615",
  "frequency_scores": [
    5,
    5,
    2,
    0,
    1,
    5,
    0,
    1,
    0,
    0
  ],
  "placement_scores": [
    5,
    9,
    1,
    0,
    0,
    5,
    0,
    4,
    0,
    0
  ],
  "palette_rgb": [
    [
      245,
      244,
      240
    ],
    [
      6,
      4,
      2
    ],
    [
      115,
      114,
      107
    ],
    [
      98,
      38,
      36
    ],
    [
      175,
      171,
      164
    ],
    [
      42,
      40,
      36
    ],
    [
      75,
      73,
      68
    ],
    [
      215,
      211,
      204
    ],
    [
      126,
      79,
      73
    ],
    [
      68,
      13,
      16
    ]
  ],
  "palette_lab": [
    [
      245.4744136460558,
      128.01172707889125,
      130.9637526652452
    ],
    [
      3.704813805631346,
      128.3784438389343,
      129.0959733575537
    ],
    [
      122.56409090909087,
      127.47136363636365,
      132.88090909090909
    ],
    [
      61.3398268398268,
      155.7575757575758,
      143.56277056277057
    ],
    [
      179.23140794223838,
      128.3664259927798,
      132.92093862815884
    ],
    [
      41.66119577960154,
      128.55099648300117,
      131.5580304806565
    ],
    [
      79.33952702702696,
      128.2373310810811,
      131.87415540540542
    ],
    [
      216.02013640792507,
      128.33062682689186,
      132.1568691133485
    ],
    [
      99.20700636942674,
      147.62101910828028,
      140.43312101910828
    ],
    [
      33.06395348837239,
      154.5683139534884,
      141.25581395348837
    ]
  ]
}